netflix_11313,imdb_74305,FALSE
netflix_11848,imdb_81898,FALSE
netflix_4152,imdb_33834,FALSE
netflix_8301,imdb_64489,FALSE
netflix_8818,imdb_53117,FALSE
netflix_7203,imdb_54098,FALSE
netflix_8189,imdb_46608,FALSE
netflix_9373,imdb_80630,FALSE
netflix_7264,imdb_53850,FALSE
netflix_4766,imdb_23578,FALSE
netflix_4775,imdb_31332,FALSE
netflix_4805,imdb_54406,FALSE
netflix_4812,imdb_13483,FALSE
netflix_4813,imdb_30560,FALSE
netflix_4851,imdb_11729,FALSE
netflix_4854,imdb_38598,FALSE
netflix_4889,imdb_8063,FALSE
netflix_5052,imdb_55427,FALSE
netflix_5055,imdb_15285,FALSE
netflix_5120,imdb_84962,FALSE
netflix_5153,imdb_7109,FALSE
netflix_5191,imdb_19971,FALSE
netflix_5199,imdb_49513,FALSE
netflix_5251,imdb_25772,FALSE
netflix_5332,imdb_65301,FALSE
netflix_5363,imdb_43281,FALSE
netflix_5458,imdb_1319,FALSE
netflix_5569,imdb_5737,FALSE
netflix_5612,imdb_48213,FALSE
netflix_5690,imdb_63906,FALSE
netflix_5691,imdb_30534,FALSE
netflix_5693,imdb_75603,FALSE
netflix_5696,imdb_74029,FALSE
netflix_5731,imdb_22554,FALSE
netflix_5741,imdb_22612,FALSE
netflix_5751,imdb_83408,FALSE
netflix_5781,imdb_49339,FALSE
netflix_5809,imdb_70858,FALSE
netflix_5840,imdb_59559,FALSE
netflix_5842,imdb_72674,FALSE
netflix_5845,imdb_69445,FALSE
netflix_5846,imdb_11274,FALSE
netflix_5889,imdb_2293,FALSE
netflix_5912,imdb_43339,FALSE
netflix_5913,imdb_7931,FALSE
netflix_5918,imdb_59413,FALSE
netflix_5942,imdb_77351,FALSE
netflix_5972,imdb_18869,FALSE
netflix_5990,imdb_67475,FALSE
netflix_6030,imdb_30236,FALSE
netflix_6082,imdb_65905,FALSE
netflix_6110,imdb_47929,FALSE
netflix_6115,imdb_60237,FALSE
netflix_6116,imdb_26360,FALSE
netflix_6129,imdb_68586,FALSE
netflix_6144,imdb_38099,FALSE
netflix_6194,imdb_49080,FALSE
netflix_6249,imdb_3777,FALSE
netflix_6256,imdb_2521,FALSE
netflix_6295,imdb_8089,FALSE
netflix_6358,imdb_18560,FALSE
netflix_6412,imdb_25720,FALSE
netflix_6413,imdb_1835,FALSE
netflix_6441,imdb_43371,FALSE
netflix_6514,imdb_45200,FALSE
netflix_6651,imdb_29326,FALSE
netflix_6669,imdb_54746,FALSE
netflix_6710,imdb_21590,FALSE
netflix_6772,imdb_42803,FALSE
netflix_6774,imdb_5317,FALSE
netflix_6819,imdb_84448,FALSE
netflix_6844,imdb_37875,FALSE
netflix_6845,imdb_46500,FALSE
netflix_6880,imdb_35834,FALSE
netflix_6881,imdb_32114,FALSE
netflix_6991,imdb_33435,FALSE
netflix_7138,imdb_74438,FALSE
netflix_7147,imdb_20802,FALSE
netflix_8267,imdb_6515,FALSE
netflix_8290,imdb_25767,FALSE
netflix_8301,imdb_7411,FALSE
netflix_8332,imdb_30647,FALSE
netflix_8504,imdb_32086,FALSE
netflix_8505,imdb_29708,FALSE
netflix_8515,imdb_83936,FALSE
netflix_8523,imdb_66226,FALSE
netflix_8681,imdb_36027,FALSE
netflix_8697,imdb_37622,FALSE
netflix_8724,imdb_22755,FALSE
netflix_8831,imdb_35472,FALSE
netflix_8869,imdb_51630,FALSE
netflix_8880,imdb_21364,FALSE
netflix_8931,imdb_28893,FALSE
netflix_8997,imdb_31727,FALSE
netflix_6976,imdb_83042,FALSE
netflix_9147,imdb_22828,FALSE
netflix_9161,imdb_33154,FALSE
netflix_9164,imdb_17906,FALSE
netflix_9190,imdb_31852,FALSE
netflix_9241,imdb_36702,FALSE
netflix_9251,imdb_52366,FALSE
netflix_9345,imdb_78850,FALSE
netflix_9511,imdb_80425,FALSE
netflix_9537,imdb_16381,FALSE
netflix_9559,imdb_49836,FALSE
netflix_9584,imdb_33027,FALSE
netflix_9619,imdb_42704,FALSE
netflix_9634,imdb_85619,FALSE
netflix_9670,imdb_82352,FALSE
netflix_9724,imdb_14228,FALSE
netflix_9735,imdb_80997,FALSE
netflix_9753,imdb_26404,FALSE
netflix_9775,imdb_57321,FALSE
netflix_9785,imdb_34054,FALSE
netflix_9825,imdb_68543,FALSE
netflix_9859,imdb_28855,FALSE
netflix_9908,imdb_36267,FALSE
netflix_9910,imdb_10761,FALSE
netflix_9938,imdb_62758,FALSE
netflix_9951,imdb_35359,FALSE
netflix_10013,imdb_7096,FALSE
netflix_10090,imdb_65674,FALSE
netflix_10208,imdb_65665,FALSE
netflix_10250,imdb_67535,FALSE
netflix_10275,imdb_56382,FALSE
netflix_10315,imdb_17575,FALSE
netflix_10332,imdb_48778,FALSE
netflix_10445,imdb_76740,FALSE
netflix_10546,imdb_1528,FALSE
netflix_10577,imdb_6952,FALSE
netflix_10599,imdb_5911,FALSE
netflix_10621,imdb_3412,FALSE
netflix_10671,imdb_22195,FALSE
netflix_10719,imdb_36458,FALSE
netflix_10722,imdb_5832,FALSE
netflix_10730,imdb_27289,FALSE
netflix_10750,imdb_56068,FALSE
netflix_10759,imdb_40741,FALSE
netflix_10772,imdb_4581,FALSE
netflix_10795,imdb_12064,FALSE
netflix_10823,imdb_53132,FALSE
netflix_10830,imdb_76847,FALSE
netflix_10882,imdb_17602,FALSE
netflix_10885,imdb_60303,FALSE
netflix_10886,imdb_67099,FALSE
netflix_10889,imdb_15640,FALSE
netflix_10914,imdb_64542,FALSE
netflix_10964,imdb_48525,FALSE
netflix_10969,imdb_58256,FALSE
netflix_10974,imdb_14282,FALSE
netflix_10989,imdb_37311,FALSE
netflix_11014,imdb_12318,FALSE
netflix_11018,imdb_32062,FALSE
netflix_11020,imdb_10904,FALSE
netflix_11101,imdb_13795,FALSE
netflix_11167,imdb_11802,FALSE
netflix_11180,imdb_65238,FALSE
netflix_11232,imdb_31384,FALSE
netflix_11254,imdb_78651,FALSE
netflix_11289,imdb_45231,FALSE
netflix_11349,imdb_16049,FALSE
netflix_11428,imdb_70016,FALSE
netflix_11441,imdb_44781,FALSE
netflix_11452,imdb_76666,FALSE
netflix_11510,imdb_36123,FALSE
netflix_11546,imdb_18562,FALSE
netflix_11562,imdb_56458,FALSE
netflix_11628,imdb_47759,FALSE
netflix_11635,imdb_20469,FALSE
netflix_11689,imdb_85689,FALSE
netflix_11692,imdb_22739,FALSE
netflix_11714,imdb_39880,FALSE
netflix_11742,imdb_16089,FALSE
netflix_11752,imdb_39376,FALSE
netflix_11753,imdb_17720,FALSE
netflix_11765,imdb_52238,FALSE
netflix_11773,imdb_72568,FALSE
netflix_11819,imdb_67679,FALSE
netflix_11871,imdb_54915,FALSE
netflix_11935,imdb_53020,FALSE
netflix_14396,imdb_58510,FALSE
netflix_14418,imdb_16684,FALSE
netflix_14446,imdb_85708,FALSE
netflix_14492,imdb_22676,FALSE
netflix_14521,imdb_29544,FALSE
netflix_14522,imdb_81571,FALSE
netflix_14560,imdb_20745,FALSE
netflix_14578,imdb_7301,FALSE
netflix_14596,imdb_39821,FALSE
netflix_14604,imdb_2482,FALSE
netflix_14618,imdb_64051,FALSE
netflix_14638,imdb_30999,FALSE
netflix_14688,imdb_17267,FALSE
netflix_14700,imdb_62118,FALSE
netflix_14716,imdb_55123,FALSE
netflix_14733,imdb_56242,FALSE
netflix_14755,imdb_64992,FALSE
netflix_14803,imdb_84352,FALSE
netflix_14837,imdb_37267,FALSE
netflix_14861,imdb_44735,FALSE
netflix_14940,imdb_28856,FALSE
netflix_15005,imdb_22021,FALSE
netflix_15009,imdb_5170,FALSE
netflix_15076,imdb_35069,FALSE
netflix_15120,imdb_31,FALSE
netflix_15143,imdb_43983,FALSE
netflix_15145,imdb_32348,FALSE
netflix_15302,imdb_19073,FALSE
netflix_15353,imdb_63678,FALSE
netflix_15365,imdb_53857,FALSE
netflix_15381,imdb_61107,FALSE
netflix_15421,imdb_32380,FALSE
netflix_15427,imdb_27514,FALSE
netflix_15445,imdb_71464,FALSE
netflix_15462,imdb_4578,FALSE
netflix_10058,imdb_58394,FALSE
netflix_10058,imdb_63133,FALSE
netflix_10058,imdb_65340,FALSE
netflix_10058,imdb_77244,FALSE
netflix_10058,imdb_79251,FALSE
netflix_10068,imdb_74084,FALSE
netflix_10759,imdb_60885,FALSE
netflix_14217,imdb_55657,FALSE
netflix_14949,imdb_38754,FALSE
netflix_14807,imdb_44699,FALSE
netflix_5957,imdb_84204,FALSE
netflix_9450,imdb_70225,FALSE
netflix_9785,imdb_69197,FALSE
netflix_1740,imdb_43931,FALSE
netflix_3739,imdb_81561,FALSE
netflix_7318,imdb_74167,FALSE
netflix_6002,imdb_47505,FALSE
netflix_893,imdb_72439,FALSE
netflix_1678,imdb_79973,FALSE
netflix_3724,imdb_63921,FALSE
netflix_266,imdb_66974,FALSE
netflix_4983,imdb_68716,FALSE
netflix_1252,imdb_82311,FALSE
netflix_7327,imdb_62683,FALSE
netflix_8234,imdb_52200,FALSE
netflix_6822,imdb_77098,FALSE
netflix_5253,imdb_54108,FALSE
netflix_8310,imdb_69027,FALSE
netflix_6569,imdb_54602,FALSE
netflix_6564,imdb_54602,FALSE
netflix_747,imdb_45076,FALSE
netflix_8290,imdb_59079,FALSE
netflix_5142,imdb_70010,FALSE
netflix_8508,imdb_74897,FALSE
netflix_6567,imdb_49977,FALSE
netflix_5840,imdb_75755,FALSE
netflix_14614,imdb_43053,TRUE
netflix_6775,imdb_70687,TRUE
netflix_3370,imdb_81730,TRUE
netflix_14518,imdb_62247,TRUE
netflix_8241,imdb_63623,TRUE
netflix_15431,imdb_19136,TRUE
netflix_13726,imdb_46261,TRUE
netflix_1427,imdb_53113,TRUE
netflix_8634,imdb_61306,TRUE
netflix_10735,imdb_75619,TRUE
netflix_1482,imdb_84720,TRUE
netflix_8328,imdb_62767,TRUE
netflix_6665,imdb_78725,TRUE
netflix_12184,imdb_69270,TRUE
netflix_6888,imdb_74776,TRUE
netflix_10871,imdb_71959,TRUE
netflix_10597,imdb_70724,TRUE
netflix_7753,imdb_28611,TRUE
netflix_11330,imdb_70884,TRUE
netflix_8410,imdb_80587,TRUE
netflix_6678,imdb_81103,TRUE
netflix_11424,imdb_71608,TRUE
netflix_5886,imdb_85053,TRUE
netflix_14088,imdb_38720,TRUE
netflix_11775,imdb_16321,TRUE
netflix_12605,imdb_51079,TRUE
netflix_3594,imdb_68740,TRUE
netflix_9296,imdb_75423,TRUE
netflix_12034,imdb_50294,TRUE
netflix_3341,imdb_84565,TRUE
netflix_5981,imdb_49964,TRUE
netflix_8274,imdb_55179,TRUE
netflix_6416,imdb_74389,TRUE
netflix_9516,imdb_71832,TRUE
netflix_14885,imdb_31519,TRUE
netflix_1491,imdb_70778,TRUE
netflix_6148,imdb_84802,TRUE
netflix_9150,imdb_27689,TRUE
netflix_10798,imdb_73807,TRUE
netflix_4932,imdb_85315,TRUE
netflix_10675,imdb_67936,TRUE
netflix_8700,imdb_81692,TRUE
netflix_14738,imdb_55258,TRUE
netflix_8295,imdb_63463,TRUE
netflix_11415,imdb_68067,TRUE
netflix_1668,imdb_60225,TRUE
netflix_13829,imdb_58120,TRUE
netflix_5992,imdb_72790,TRUE
netflix_577,imdb_57270,TRUE
netflix_12212,imdb_54488,TRUE
netflix_11702,imdb_74448,TRUE
netflix_14743,imdb_58138,TRUE
netflix_6394,imdb_81186,TRUE
netflix_5025,imdb_85712,TRUE
netflix_14979,imdb_54632,TRUE
netflix_3833,imdb_80975,TRUE
netflix_1520,imdb_55629,TRUE
netflix_12439,imdb_65607,TRUE
netflix_14789,imdb_40979,TRUE
netflix_1162,imdb_67969,TRUE
netflix_10184,imdb_64641,TRUE
netflix_10520,imdb_71476,TRUE
netflix_12396,imdb_59724,TRUE
netflix_14398,imdb_39907,TRUE
netflix_9931,imdb_72589,TRUE
netflix_15382,imdb_66802,TRUE
netflix_14858,imdb_30233,TRUE
netflix_14118,imdb_52809,TRUE
netflix_9936,imdb_72865,TRUE
netflix_8247,imdb_59368,TRUE
netflix_14368,imdb_55758,TRUE
netflix_3262,imdb_53919,TRUE
netflix_9929,imdb_67789,TRUE
netflix_8182,imdb_77812,TRUE
netflix_4853,imdb_62138,TRUE
netflix_955,imdb_52723,TRUE
netflix_5362,imdb_26067,TRUE
netflix_12554,imdb_60142,TRUE
netflix_13843,imdb_22903,TRUE
netflix_9421,imdb_59174,TRUE
netflix_3605,imdb_45743,TRUE
netflix_9211,imdb_70106,TRUE
netflix_4659,imdb_77167,TRUE
netflix_5241,imdb_84769,TRUE
netflix_2155,imdb_67667,TRUE
netflix_12168,imdb_30989,TRUE
netflix_1065,imdb_54854,TRUE
netflix_12470,imdb_35107,TRUE
netflix_15162,imdb_39214,TRUE
netflix_14433,imdb_52537,TRUE
netflix_15078,imdb_60135,TRUE
netflix_12598,imdb_57960,TRUE
netflix_1634,imdb_54060,TRUE
netflix_9792,imdb_65045,TRUE
netflix_14575,imdb_40747,TRUE
netflix_1294,imdb_78039,TRUE
netflix_4288,imdb_68730,TRUE
netflix_13878,imdb_63073,TRUE
netflix_14685,imdb_28066,TRUE
netflix_5794,imdb_83850,TRUE
netflix_654,imdb_82471,TRUE
netflix_3998,imdb_73699,TRUE
netflix_5741,imdb_65865,TRUE
netflix_5990,imdb_80173,TRUE
netflix_7081,imdb_76266,TRUE
netflix_7209,imdb_76140,TRUE
netflix_8816,imdb_75143,TRUE
netflix_9254,imdb_57840,TRUE
netflix_10752,imdb_68218,TRUE
netflix_11560,imdb_57093,TRUE
netflix_12064,imdb_42242,TRUE
netflix_13294,imdb_38194,TRUE
netflix_14434,imdb_42127,TRUE
netflix_15419,imdb_62555,TRUE
netflix_13559,imdb_60517,TRUE
netflix_9771,imdb_73734,TRUE
netflix_5142,imdb_76698,TRUE
netflix_12569,imdb_64727,TRUE
netflix_6160,imdb_43975,TRUE
netflix_7174,imdb_62606,TRUE
netflix_4744,imdb_77308,TRUE
netflix_10334,imdb_72755,TRUE
netflix_13364,imdb_57432,TRUE
netflix_14316,imdb_36667,TRUE
netflix_6832,imdb_76597,TRUE
netflix_1717,imdb_66034,TRUE
netflix_10622,imdb_33608,TRUE
netflix_15319,imdb_41238,TRUE
netflix_6795,imdb_77635,TRUE
netflix_10056,imdb_70292,TRUE
netflix_4901,imdb_81466,TRUE
netflix_9419,imdb_77648,TRUE
netflix_5253,imdb_83142,TRUE
netflix_8684,imdb_52224,TRUE
netflix_11584,imdb_63422,TRUE
netflix_11585,imdb_63422,TRUE
netflix_753,imdb_83805,TRUE
netflix_10272,imdb_60163,TRUE
netflix_12178,imdb_18994,TRUE
netflix_12350,imdb_18782,TRUE
netflix_6979,imdb_80013,TRUE
netflix_9345,imdb_56539,TRUE
netflix_14155,imdb_54026,TRUE
netflix_4889,imdb_85440,TRUE
netflix_14522,imdb_50071,TRUE
netflix_5612,imdb_61177,TRUE
netflix_6845,imdb_61315,TRUE
netflix_11428,imdb_69176,TRUE
netflix_10202,imdb_69403,TRUE
netflix_10706,imdb_59728,TRUE
netflix_10621,imdb_33609,TRUE
netflix_11485,imdb_74416,TRUE
netflix_12447,imdb_20367,TRUE
netflix_43,imdb_81991,TRUE
netflix_11714,imdb_70569,TRUE
netflix_4140,imdb_82877,TRUE
netflix_9507,imdb_56582,TRUE
netflix_721,imdb_83852,TRUE
netflix_15445,imdb_67315,TRUE
netflix_13865,imdb_61868,TRUE
netflix_15427,imdb_35351,TRUE
netflix_10722,imdb_68901,TRUE
netflix_12373,imdb_66462,TRUE
netflix_1680,imdb_53842,TRUE
netflix_4143,imdb_79764,TRUE
netflix_6030,imdb_77565,TRUE
netflix_6651,imdb_64486,TRUE
netflix_10212,imdb_80267,TRUE
netflix_10750,imdb_40142,TRUE
netflix_11452,imdb_55885,TRUE
netflix_15302,imdb_54449,TRUE
netflix_5610,imdb_74602,TRUE
netflix_9634,imdb_69624,TRUE
netflix_14110,imdb_53453,TRUE
netflix_4619,imdb_83216,TRUE
netflix_4642,imdb_83863,TRUE
netflix_6514,imdb_81971,TRUE
netflix_7201,imdb_74305,TRUE
netflix_8667,imdb_78526,TRUE
netflix_8880,imdb_33902,TRUE
netflix_9910,imdb_74075,TRUE
netflix_14092,imdb_61002,TRUE
netflix_14807,imdb_44169,TRUE
netflix_9092,imdb_55334,TRUE
netflix_12072,imdb_65423,TRUE
netflix_649,imdb_55201,TRUE
netflix_1270,imdb_33488,TRUE
netflix_415,imdb_70084,TRUE
netflix_841,imdb_24617,TRUE
netflix_6295,imdb_67965,TRUE
netflix_9735,imdb_75928,TRUE
netflix_14217,imdb_57738,TRUE
netflix_7082,imdb_37011,TRUE
netflix_9454,imdb_67779,TRUE
netflix_474,imdb_65716,TRUE
netflix_857,imdb_48739,TRUE
netflix_2796,imdb_81844,TRUE
netflix_3674,imdb_84118,TRUE
netflix_4900,imdb_81175,TRUE
netflix_19,imdb_21934,TRUE
netflix_4922,imdb_82371,TRUE
netflix_1049,imdb_83078,TRUE
netflix_4971,imdb_81632,TRUE
netflix_5750,imdb_82531,TRUE
netflix_5884,imdb_76035,TRUE
netflix_6474,imdb_26479,TRUE
netflix_8231,imdb_77208,TRUE
netflix_58,imdb_80649,TRUE
netflix_4017,imdb_84410,TRUE
netflix_8682,imdb_79750,TRUE
netflix_5432,imdb_69846,TRUE
netflix_6298,imdb_76731,TRUE
netflix_6222,imdb_77759,TRUE
netflix_5238,imdb_81502,TRUE
netflix_1938,imdb_74573,TRUE
netflix_8645,imdb_16667,TRUE
netflix_8922,imdb_74619,TRUE
netflix_1971,imdb_76521,TRUE
netflix_543,imdb_54108,TRUE
netflix_5143,imdb_70010,TRUE
netflix_6069,imdb_67807,TRUE
netflix_3471,imdb_59399,TRUE
netflix_2547,imdb_76653,TRUE
netflix_6881,imdb_49970,TRUE
netflix_8197,imdb_62724,TRUE
netflix_11289,imdb_69212,TRUE
netflix_9511,imdb_71110,TRUE
netflix_5957,imdb_80633,TRUE
netflix_3172,imdb_80344,TRUE
netflix_762,imdb_23939,TRUE
netflix_10599,imdb_74961,TRUE
netflix_10823,imdb_48881,TRUE
netflix_10964,imdb_68049,TRUE
netflix_11101,imdb_72962,TRUE
netflix_14386,imdb_58007,TRUE
netflix_5781,imdb_72068,TRUE
netflix_6441,imdb_85120,TRUE
netflix_3851,imdb_84400,TRUE
netflix_6488,imdb_59438,TRUE
netflix_8744,imdb_77837,TRUE
netflix_4099,imdb_80369,TRUE
netflix_8945,imdb_79206,TRUE
netflix_5888,imdb_82459,TRUE
netflix_6833,imdb_50156,TRUE
netflix_9364,imdb_75669,TRUE
netflix_3644,imdb_82344,TRUE
netflix_6882,imdb_57644,TRUE
netflix_6883,imdb_61172,TRUE
netflix_6884,imdb_67169,TRUE
